"card_id","cluster","lane","label_en","snomed_code","icd_code","icd_description","chapter_tag","source_map_type"
"strictv2-anxiety_panic-001","anxiety_panic","symptom","Acute panic state due to acute stress reaction","192037000","F43.0","Acute stress reaction","F","ALWAYS F43.0"
"strictv2-anxiety_panic-002","anxiety_panic","symptom","Adjustment disorder with anxiety","47372000","F43.2","Adjustment disorders","F","ALWAYS F43.2"
"strictv2-anxiety_panic-003","anxiety_panic","symptom","Adjustment disorder with mixed anxiety and depressed mood","782501005","F41.2","Mixed anxiety and depressive disorder","F","ALWAYS F41.2"
"strictv2-anxiety_panic-004","anxiety_panic","symptom","Agitation","24199005","R45.1","Restlessness and agitation","R","ALWAYS R45.1"
"strictv2-anxiety_panic-005","anxiety_panic","symptom","Agitation due to dementia","788862002","R45.1","Restlessness and agitation","R","ALWAYS R45.1"
"strictv2-anxiety_panic-006","anxiety_panic","symptom","Agoraphobia with panic attacks","191722009","F40.0","Agoraphobia","F","ALWAYS F40.0"
"strictv2-anxiety_panic-007","anxiety_panic","symptom","Anticipatory anxiety","35429005","F41.8","Other specified anxiety disorders","F","ALWAYS F41.8"
"strictv2-anxiety_panic-008","anxiety_panic","symptom","Anticipatory anxiety, mild","11458009","F41.8","Other specified anxiety disorders","F","ALWAYS F41.8"
"strictv2-anxiety_panic-009","anxiety_panic","symptom","Anticipatory anxiety, moderate","36646009","R45.8","Other symptoms and signs involving emotional state","R","ALWAYS R45.8"
"strictv2-anxiety_panic-010","anxiety_panic","symptom","Anticipatory anxiety, severe","5874002","F41.9","Anxiety disorder, unspecified","F","ALWAYS F41.9"
"strictv2-anxiety_panic-011","anxiety_panic","symptom","Anxiety","48694002","F41.9","Anxiety disorder, unspecified","F","ALWAYS F41.9"
"strictv2-anxiety_panic-012","anxiety_panic","symptom","Anxiety about altered body image","225644006","F41.9","Anxiety disorder, unspecified","F","ALWAYS F41.9"
"strictv2-anxiety_panic-013","anxiety_panic","symptom","Anxiety about appearing ridiculous","277838008","F40.8","Other phobic anxiety disorders","F","ALWAYS F40.8"
"strictv2-anxiety_panic-014","anxiety_panic","symptom","Anxiety about becoming fat","277831002","F40.8","Other phobic anxiety disorders","F","ALWAYS F40.8"
"strictv2-anxiety_panic-015","anxiety_panic","symptom","Anxiety about behavior or performance","247825008","F41.8","Other specified anxiety disorders","F","ALWAYS F41.8"
"strictv2-anxiety_panic-016","anxiety_panic","symptom","Anxiety about blushing","89225005","F40.2","Specific (isolated) phobias","F","ALWAYS F40.2 | MAPPED FOLLOWING WHO GUIDANCE"
"strictv2-anxiety_panic-017","anxiety_panic","symptom","Anxiety about body function or health","247808006","F40.8","Other phobic anxiety disorders","F","ALWAYS F40.8"
"strictv2-anxiety_panic-018","anxiety_panic","symptom","Anxiety about breathlessness","702535006","R45.8","Other symptoms and signs involving emotional state","R","ALWAYS R45.8"
"strictv2-anxiety_panic-019","anxiety_panic","symptom","Anxiety about choking","277822002","F40.8","Other phobic anxiety disorders","F","ALWAYS F40.8"
"strictv2-anxiety_panic-020","anxiety_panic","symptom","Anxiety about collapsing","277824001","F40.8","Other phobic anxiety disorders","F","ALWAYS F40.8"
"strictv2-anxiety_panic-000","anxiety_panic","symptom","Racing thoughts","285303006","R41.8","Other and unspecified symptoms and signs involving cognitive functions and awareness","R","ALWAYS R41.8"
"strictv2-dissociation-001","dissociation","symptom","Acute confusional state, post-traumatic","191501001","F44.8","Other dissociative [conversion] disorders","F","ALWAYS F44.8"
"strictv2-dissociation-002","dissociation","symptom","Amnesia","48167000","R41.3","Other amnesia","R","ALWAYS R41.3"
"strictv2-dissociation-003","dissociation","symptom","Amnesia for day to day facts","247607004","R41.3","Other amnesia","R","ALWAYS R41.3"
"strictv2-dissociation-004","dissociation","symptom","Amnesia for important personal information","247611005","R41.3","Other amnesia","R","ALWAYS R41.3"
"strictv2-dissociation-005","dissociation","symptom","Amnesia for recent events","42176003","R41.3","Other amnesia","R","ALWAYS R41.3"
"strictv2-dissociation-006","dissociation","symptom","Amnesia for remote events","6149008","R41.3","Other amnesia","R","ALWAYS R41.3"
"strictv2-dissociation-007","dissociation","symptom","Amnesia neurosis","84209002","F44.0","Dissociative amnesia","F","ALWAYS F44.0"
"strictv2-dissociation-008","dissociation","symptom","Chronic confusional state","280994000","F44.8","Other dissociative [conversion] disorders","F","ALWAYS F44.8"
"strictv2-dissociation-009","dissociation","symptom","Complex dissociative intrusion disorder","762461003","F44.8","Other dissociative [conversion] disorders","F","ALWAYS F44.8"
"strictv2-dissociation-010","dissociation","symptom","Confusional state","286933003","F44.8","Other dissociative [conversion] disorders","F","ALWAYS F44.8 | DESCENDANTS NOT EXHAUSTIVELY MAPPED"
"strictv2-dissociation-011","dissociation","symptom","Dissociated anaesthesia","276299000","F44.6","Dissociative anaesthesia and sensory loss","F","ALWAYS F44.6"
"strictv2-dissociation-012","dissociation","symptom","Dissociative astasia-abasia","231509001","F44.4","Dissociative motor disorders","F","ALWAYS F44.4"
"strictv2-family_context-001","family_context","context_event","Abusive emotional relationship with child","102904004","Z63.8","Other specified problems related to primary support group","Z","ALWAYS Z63.8"
"strictv2-family_context-002","family_context","context_event","Abusive emotional relationship with husband","102902000","Z63.0","Problems in relationship with spouse or partner","Z","ALWAYS Z63.0"
"strictv2-family_context-003","family_context","context_event","Abusive emotional relationship with parents","102900008","Z63.1","Problems in relationship with parents and in-laws","Z","ALWAYS Z63.1"
"strictv2-family_context-004","family_context","context_event","Abusive emotional relationship with partner","423794002","Z63.0","Problems in relationship with spouse or partner","Z","ALWAYS Z63.0"
"strictv2-family_context-005","family_context","context_event","Abusive emotional relationship with spouse","102901007","Z63.0","Problems in relationship with spouse or partner","Z","ALWAYS Z63.0"
"strictv2-family_context-006","family_context","context_event","Abusive emotional relationship with wife","102903005","Z63.0","Problems in relationship with spouse or partner","Z","ALWAYS Z63.0"
"strictv2-family_context-007","family_context","context_event","Abusive sexual relationship with partner","102951002","Z63.0","Problems in relationship with spouse or partner","Z","ALWAYS Z63.0"
"strictv2-family_context-008","family_context","context_event","Alcoholic family member","133938003","Z63.7","Other stressful life events affecting family and household","Z","ALWAYS Z63.7"
"strictv2-family_context-009","family_context","context_event","Alcoholic family syndrome","129603004","Z63.7","Other stressful life events affecting family and household","Z","ALWAYS Z63.7"
"strictv2-family_context-010","family_context","context_event","Alcoholic parent","133940008","Z63.7","Other stressful life events affecting family and household","Z","ALWAYS Z63.7"
"strictv2-family_context-011","family_context","context_event","Alcoholic spouse","133939006","Z63.7","Other stressful life events affecting family and household","Z","ALWAYS Z63.7"
"strictv2-family_context-012","family_context","context_event","Alteration in family processes","64313000","Z63.7","Other stressful life events affecting family and household","Z","ALWAYS Z63.7"
"strictv2-family_context-013","family_context","context_event","At increased risk of impaired family coping","704351003","Z63.8","Other specified problems related to primary support group","Z","ALWAYS Z63.8"
"strictv2-family_context-014","family_context","context_event","Beyond parental control","248040006","Z62.0","Inadequate parental supervision and control","Z","ALWAYS Z62.0"
"strictv2-financial_context-001","financial_context","context_event","Changed job","276068009","Z56.1","Change of job","Z","ALWAYS Z56.1"
"strictv2-financial_context-002","financial_context","context_event","Chronic unemployment","160900005","Z56.0","Unemployment, unspecified","Z","ALWAYS Z56.0"
"strictv2-financial_context-003","financial_context","context_event","Crowded living space","423859003","Z59.1","Inadequate housing","Z","ALWAYS Z59.1"
"strictv2-financial_context-004","financial_context","context_event","Damp housing","398081001","Z59.8","Other problems related to housing and economic circumstances","Z","ALWAYS Z59.8"
"strictv2-financial_context-005","financial_context","context_event","Difficulty managing personal financial activities","300686005","Z59.8","Other problems related to housing and economic circumstances","Z","ALWAYS Z59.8"
"strictv2-financial_context-006","financial_context","context_event","Discharged from job","105496009","Z56.6","Other physical and mental strain related to work","Z","ALWAYS Z56.6"
"strictv2-financial_context-007","financial_context","context_event","Dissatisfied with job","105491004","Z56.7","Other and unspecified problems related to employment","Z","ALWAYS Z56.7"
"strictv2-financial_context-008","financial_context","context_event","Financial insecurity","1184702004","Z59.8","Other problems related to housing and economic circumstances","Z","ALWAYS Z59.8"
"strictv2-financial_context-009","financial_context","context_event","Financial problem","160932005","Z59.5","Extreme poverty","Z","IF DESTITUTE CHOOSE Z59.5 | MAP OF SOURCE CONCEPT IS CONTEXT DEPENDENT"
"strictv2-financial_context-010","financial_context","context_event","Financially poor","11403006","Z59.8","Other problems related to housing and economic circumstances","Z","ALWAYS Z59.8"
"strictv2-financial_context-011","financial_context","context_event","Homeless","32911000","Z59.0","Homelessness","Z","ALWAYS Z59.0"
"strictv2-financial_context-012","financial_context","context_event","Household energy insecurity due to limited financial resources","1354854005","Z59.6","Low income","Z","ALWAYS Z59.6"
"strictv2-legal_context-001","legal_context","context_event","Abuses animals","765438006","R45.6","Physical violence","R","ALWAYS R45.6"
"strictv2-legal_context-002","legal_context","context_event","Aggressive biting","69547003","R45.6","Physical violence","R","ALWAYS R45.6"
"strictv2-legal_context-003","legal_context","context_event","Arrested in police custody","276092001","Z65.3","Problems related to other legal circumstances","Z","ALWAYS Z65.3"
"strictv2-legal_context-004","legal_context","context_event","At increased risk of emotional abuse","771984002","Z65.8","Other specified problems related to psychosocial circumstances","Z","ALWAYS Z65.8"
"strictv2-legal_context-005","legal_context","context_event","At increased risk of psychological abuse","771983008","Z65.8","Other specified problems related to psychosocial circumstances","Z","ALWAYS Z65.8"
"strictv2-legal_context-006","legal_context","context_event","Convicted for criminal activity","224340002","Z65.0","Conviction in civil and criminal proceedings without imprisonment","Z","ALWAYS Z65.0"
"strictv2-legal_context-007","legal_context","context_event","Court case pending","160814006","Z65.3","Problems related to other legal circumstances","Z","ALWAYS Z65.3"
"strictv2-legal_context-008","legal_context","context_event","In police custody","224338007","Z65.3","Problems related to other legal circumstances","Z","ALWAYS Z65.3"
"strictv2-legal_context-009","legal_context","context_event","Involved in criminal activity","224330000","Z65.3","Problems related to other legal circumstances","Z","ALWAYS Z65.3"
"strictv2-legal_context-010","legal_context","context_event","Involved in criminal law proceedings","224897008","Z65.3","Problems related to other legal circumstances","Z","ALWAYS Z65.3"
"strictv2-legal_context-011","legal_context","context_event","Legal insurance problem","160812005","Z65.3","Problems related to other legal circumstances","Z","ALWAYS Z65.3"
"strictv2-legal_context-012","legal_context","context_event","Legal problem","22268004","Z65.3","Problems related to other legal circumstances","Z","ALWAYS Z65.3"
"strictv2-sleep-001","sleep","symptom","Bad dream","419748005","F51.5","Nightmares","F","ALWAYS F51.5"
"strictv2-sleep-002","sleep","symptom","Behaviorally induced hypersomnia","724749007","F51.1","Nonorganic hypersomnia","F","ALWAYS F51.1"
"strictv2-sleep-003","sleep","symptom","Blank, staring face while sleep walking","247958000","F51.3","Sleepwalking [somnambulism]","F","ALWAYS F51.3"
"strictv2-sleep-004","sleep","symptom","C/O nightmares","162207007","F51.5","Nightmares","F","ALWAYS F51.5"
"strictv2-sleep-005","sleep","symptom","Central sleep apnea","27405005","R06.3","Periodic breathing","R","IF CENTRAL SLEEP APNEA DUE TO PERIODIC BREATHING CHOOSE R06.3 | MAP OF SOURCE CONCEPT IS CONTEXT DEPENDENT"
"strictv2-sleep-006","sleep","symptom","Circadian rhythm sleep disorder","3745000","F51.2","Nonorganic disorder of the sleep-wake schedule","F","IF NON-ORGANIC DISORDER OF THE SLEEP-WAKE SCHEDULE CHOOSE F51.2 | MAP OF SOURCE CONCEPT IS CONTEXT DEPENDENT"
"strictv2-sleep-007","sleep","symptom","Day terrors","17402007","F51.4","Sleep terrors [night terrors]","F","ALWAYS F51.4"
"strictv2-sleep-008","sleep","symptom","Detailed recall of dream","247953009","F51.8","Other nonorganic sleep disorders","F","ALWAYS F51.8"
"strictv2-sleep-009","sleep","symptom","Dream anxiety disorder","111487009","F51.5","Nightmares","F","ALWAYS F51.5"
"strictv2-sleep-010","sleep","symptom","Dream disorder","85418005","F51.8","Other nonorganic sleep disorders","F","ALWAYS F51.8"
"strictv2-sleep-011","sleep","symptom","Dream-like state","19129003","R40.1","Stupor","R","ALWAYS R40.1"
"strictv2-sleep-012","sleep","symptom","Finding related to sleep walking","419057008","F51.3","Sleepwalking [somnambulism]","F","ALWAYS F51.3"
"strictv2-sleep-013","sleep","symptom","Hypersomnia disorder related to another mental disorder","89415002","F51.1","Nonorganic hypersomnia","F","ALWAYS F51.1"
"strictv2-sleep-014","sleep","symptom","Hypersomnia of non-organic origin","230488004","F51.1","Nonorganic hypersomnia","F","ALWAYS F51.1"
